Id,Data,Ano,TipoOcorre,LocalLogra,CruzLograd,Cruzamento,Bairro,Latitude,Longitude,dist_m,VitimaGrav,Ferido,Morte,Fatais,Motociclet,primary
491512,20100619,2010,BOLETIM,ESTR COSTA GAMA,,Nao,,-30.13405308,-51.175552,40.2,0,0,0,0,0,True
508144,20110204,2011,BOLETIM,ESTR COSTA GAMA,,Nao,,-30.134112,-51.175568,45.6,0,1,0,0,1,True
523911,20110927,2011,BOLETIM,ESTR COSTA GAMA,,Nao,,-30.134326,-51.175511,69.8,0,0,0,0,0,True
550042,20121028,2012,BOLETIM,ESTR COSTA GAMA,,Nao,,-30.134491,-51.175468,88.6,0,0,0,0,0,True
556667,20130210,2013,BOLETIM,ESTR COSTA GAMA,,Nao,,-30.13439188,-51.175462,78.3,0,0,0,0,0,True
563558,20130523,2013,BOLETIM,ESTR COSTA GAMA,,Nao,,-30.134326,-51.175511,69.8,0,0,0,0,0,True
571080,20130926,2013,BOLETIM,ESTR COSTA GAMA,,Nao,,-30.135265,-51.175107,181.2,0,1,0,0,0,False
579827,20140225,2014,BOLETIM,ESTR COSTA GAMA,,Nao,,-30.134491,-51.175468,88.6,0,0,0,1,1,True
583562,20140420,2014,BOLETIM,ESTR DAS TRES MENINAS,ESTR COSTA GAMA,Sim,,-30.13367,-51.17571,7.3,0,1,0,0,1,True
588657,20140813,2014,BOLETIM,ESTR DAS TRES MENINAS,ESTR COSTA GAMA,Sim,,-30.13367,-51.17571,7.3,0,0,0,0,0,True
592967,20141104,2014,BOLETIM,ESTR DAS TRES MENINAS,ESTR COSTA GAMA,Sim,,-30.13367,-51.17571,7.3,0,0,0,0,0,True
592997,20141104,2014,BOLETIM,ESTR DAS TRES MENINAS,ESTR COSTA GAMA,Sim,,-30.13367,-51.17571,7.3,0,0,0,0,0,True
593869,20141120,2014,BOLETIM,ESTR COSTA GAMA,,Nao,,-30.133879,-51.175689,17.3,0,0,0,0,0,True
596784,20150125,2015,BOLETIM,ESTR COSTA GAMA,,Nao,,-30.135313,-51.175144,185.1,0,2,0,0,1,False
606691,20150222,2015,BOLETIM,ESTR DAS TRES MENINAS,ESTR COSTA GAMA,Sim,,-30.13367,-51.17571,7.3,0,0,0,0,0,True
602901,20150520,2015,BOLETIM,ESTR DAS TRES MENINAS,ESTR COSTA GAMA,Sim,,-30.13367,-51.17571,7.3,0,0,0,0,0,True
615142,20151115,2015,BOLETIM,ESTR DAS TRES MENINAS,ESTR COSTA GAMA,Sim,,-30.13367,-51.17571,7.3,0,0,0,0,0,True
616835,20151223,2015,BOLETIM,ESTR COSTA GAMA,,Nao,,-30.135313,-51.175144,185.1,0,1,0,0,1,False
633855,20170404,2017,BOLETIM,ESTR DAS TRES MENINAS,ESTR COSTA GAMA,Sim,,-30.13367,-51.17571,7.3,0,0,0,0,0,True
635036,20170507,2017,BOLETIM,ESTR COSTA GAMA,,Nao,,-30.13439188,-51.175462,78.3,1,2,0,0,1,True
635050,20170508,2017,BOLETIM,ESTR DAS TRES MENINAS,,Nao,,-30.13218381,-51.176536,188.2,0,1,0,0,0,False
639082,20170811,2017,BOLETIM,ESTR COSTA GAMA,,Nao,,-30.13439188,-51.175462,78.3,0,0,0,0,0,True
641096,20171025,2017,BOLETIM,ESTR COSTA GAMA,,Nao,,-30.135274,-51.175176,180.1,0,1,0,0,1,False
642183,20171116,2017,BOLETIM,ESTR DAS TRES MENINAS,ESTR COSTA GAMA,Sim,,-30.13367,-51.17571,7.3,0,0,0,0,0,True
642509,20171128,2017,BOLETIM,ESTR COSTA GAMA,,Nao,,-30.135339,-51.175046,191.0,0,0,0,0,0,False
643707,20171223,2017,BOLETIM,ESTR DAS TRES MENINAS,ESTR COSTA GAMA,Sim,,-30.13367,-51.17571,7.3,0,1,0,0,1,True
645491,20180228,2018,BOLETIM,ESTR DAS TRES MENINAS,ESTR COSTA GAMA,Sim,,-30.13367,-51.17571,7.3,0,0,0,0,0,True
646466,20180329,2018,BOLETIM,ESTR DAS TRES MENINAS,ESTR COSTA GAMA,Sim,,-30.13367,-51.17571,7.3,0,0,0,0,0,True
649920,20180702,2018,BOLETIM,ESTR COSTA GAMA,,Nao,0,-30.13319923,-51.175727,59.0,0,1,0,0,1,True
656826,20181209,2018,BOLETIM,ESTR DAS TRES MENINAS,ESTR COSTA GAMA,Sim,,-30.13367,-51.17571,7.3,0,1,0,0,1,True
657382,20190223,2019,BOLETIM,ESTR COSTA GAMA,,Nao,,-30.13520569,-51.175196,172.2,0,1,0,0,1,False
667481,20191116,2019,BOLETIM,ESTR COSTA GAMA,,Nao,,-30.135313,-51.175144,185.1,0,0,0,0,0,False
671575,20200311,2020,BOLETIM,ESTR DAS TRES MENINAS,ESTR COSTA GAMA,Sim,,-30.13367,-51.17571,7.3,0,0,0,0,0,True
672579,20200515,2020,BOLETIM,ESTR DAS TRES MENINAS,ESTR COSTA GAMA,Sim,,-30.13367,-51.17571,7.3,0,0,0,0,0,True
674832,20200826,2020,BOLETIM,ESTR COSTA GAMA,,Nao,,-30.135313,-51.175144,185.1,0,1,0,0,0,False
678049,20201214,2020,BOLETIM,ESTR COSTA GAMA,ESTR TRES MENINAS,Sim,,-30.13330188,-51.175785,47.8,0,0,0,0,0,True
680035,20210309,2021,BOLETIM,ESTR TRES MENINAS,ESTR COSTA GAMA,Sim,,-30.13351478,-51.175767,24.1,0,0,0,0,0,True
684398,20210703,2021,BOLETIM,ESTR COSTA GAMA,,Nao,,-30.13319923,-51.175727,59.0,0,0,0,0,0,True
684712,20210706,2021,BOLETIM,ESTR TRES MENINAS,ESTR COSTA GAMA,Sim,VILA NOVA,-30.13351478,-51.175767,24.1,0,0,0,0,0,True
685488,20210809,2021,BOLETIM,ESTR COSTA GAMA,,Nao,RESTINGA,-30.13405308,-51.175552,40.2,0,1,0,0,0,True
689346,20211118,2021,BOLETIM,ESTR TRES MENINAS,ESTR COSTA GAMA,Sim,VILA NOVA,-30.13351478,-51.175767,24.1,0,0,0,0,1,True
691142,20220108,2022,BOLETIM,ESTR COSTA GAMA,,Nao,,-30.13439188,-51.175462,78.3,1,1,0,0,1,True
691558,20220119,2022,BOLETIM,ESTR TRES MENINAS,ESTR COSTA GAMA,Sim,VILA NOVA,-30.13351478,-51.175767,24.1,0,0,0,0,0,True
692279,20220210,2022,BOLETIM,ESTR COSTA GAMA,,Nao,,-30.135313,-51.175144,185.1,0,0,0,0,0,False
692831,20220224,2022,ATENDIMENTO,ESTR TRES MENINAS,ESTR COSTA GAMA,Sim,,-30.13351478,-51.175767,24.1,0,0,0,0,1,True
694672,20220418,2022,BOLETIM,ESTR TRES MENINAS,ESTR COSTA GAMA,Sim,BELEM VELHO,-30.13351478,-51.175767,24.1,0,0,0,0,0,True
696001,20220527,2022,BOLETIM,ESTR TRES MENINAS,ESTR COSTA GAMA,Sim,BELEM VELHO,-30.13351478,-51.175767,24.1,0,0,0,0,0,True
696645,20220613,2022,BOLETIM,ESTR TRES MENINAS,ESTR COSTA GAMA,Sim,VILA NOVA,-30.13351478,-51.175767,24.1,0,1,0,0,1,True
697560,20220701,2022,BOLETIM,ESTR COSTA GAMA,ESTR TRES MENINAS,Sim,BELEM VELHO,-30.13330188,-51.175785,47.8,0,0,0,0,0,True
700165,20220912,2022,ATENDIMENTO,ESTR COSTA GAMA,ESTR TRES MENINAS,Sim,,-30.13330188,-51.175785,47.8,0,1,0,0,0,True
700575,20220914,2022,BOLETIM,ESTR COSTA GAMA,ESTR TRES MENINAS,Sim,BELEM VELHO,-30.13330188,-51.175785,47.8,0,0,0,0,0,True
702584,20221107,2022,BOLETIM,ESTR COSTA GAMA,,Nao,,-30.13505801,-51.175374,151.8,0,0,0,0,0,False
715537,20230119,2023,BOLETIM,ESTR TRES MENINAS,ESTR COSTA GAMA,Sim,VILA NOVA,-30.13351478,-51.175767,24.1,0,0,0,0,0,True
715884,20230123,2023,BOLETIM,ESTR TRES MENINAS,ESTR COSTA GAMA,Sim,BELEM VELHO,-30.13351478,-51.175767,24.1,0,0,0,0,0,True
716549,20230210,2023,BOLETIM,ESTR COSTA GAMA,ESTR TRES MENINAS,Sim,,-30.13330188,-51.175785,47.8,0,0,0,0,0,True
730534,20230521,2023,BOLETIM,ESTR COSTA GAMA,,Nao,RESTINGA,-30.13505801,-51.175374,151.8,1,4,0,0,0,False
731255,20230602,2023,BOLETIM,ESTR COSTA GAMA,,Nao,BELEM VELHO,-30.13319923,-51.175727,59.0,0,0,0,0,1,True
734546,20230821,2023,ATENDIMENTO,ESTR COSTA GAMA,ESTR TRES MENINAS,Sim,,-30.13330188,-51.175785,47.8,0,1,0,0,1,True
737433,20231028,2023,BOLETIM,ESTR COSTA GAMA,ESTR TRES MENINAS,Sim,BELEM VELHO,-30.13330188,-51.175785,47.8,0,0,0,0,0,True
742320,20240221,2024,BOLETIM,ESTR COSTA GAMA,,Nao,,-30.13505801,-51.175374,151.8,0,0,0,0,1,False
743393,20240325,2024,BOLETIM,ESTR COSTA GAMA,ESTR TRES MENINAS,Sim,BELEM VELHO,-30.13330188,-51.175785,47.8,1,1,0,0,1,True
745053,20240326,2024,BOLETIM,ESTR COSTA GAMA,,Nao,,-30.1352009,-51.175271,169.7,0,0,0,0,0,False
745958,20240601,2024,BOLETIM,ESTR COSTA GAMA,,Nao,,-30.13439188,-51.175462,78.3,0,0,0,0,0,True
748528,20240729,2024,BOLETIM,ESTR COSTA GAMA,,Nao,HIPICA,-30.135313,-51.175144,185.1,0,0,0,0,0,False
748327,20240809,2024,BOLETIM,ESTR COSTA GAMA,ESTR TRES MENINAS,Sim,BELEM VELHO,-30.13330188,-51.175785,47.8,0,0,0,0,0,True
748759,20240815,2024,BOLETIM,ESTR TRES MENINAS,,Nao,VILA NOVA,-30.13349051,-51.175841,28.3,0,1,0,0,0,True
760388,20240924,2024,BOLETIM,ESTR COSTA GAMA,,Nao,RESTINGA,-30.1350251545193,-51.1753925925492,147.8,0,0,0,0,0,False
762349,20241103,2024,BOLETIM,ESTR COSTA GAMA,,Nao,BELEM VELHO,-30.1334791598952,-51.1757223760046,27.9,2,2,0,0,0,True
765111,20241220,2024,BOLETIM,ESTR COSTA GAMA,ESTR TRES MENINAS,Sim,BELEM VELHO,-30.13330188,-51.175785,47.8,0,0,0,0,0,True
765109,20241220,2024,BOLETIM,ESTR COSTA GAMA,ESTR TRES MENINAS,Sim,BELEM VELHO,-30.13330188,-51.175785,47.8,0,0,0,0,0,True
767888,20250223,2025,BOLETIM,ESTR COSTA GAMA,,Nao,,-30.13439188,-51.175462,78.3,0,1,0,0,0,True
770380,20250408,2025,BOLETIM,ESTR COSTA GAMA,,Nao,,-30.13405308,-51.175552,40.2,0,1,0,0,1,True
771145,20250430,2025,BOLETIM,ESTR TRES MENINAS,ESTR COSTA GAMA,Sim,,-30.13351478,-51.175767,24.1,0,0,0,0,0,True
772548,20250519,2025,BOLETIM,ESTR TRES MENINAS,ESTR COSTA GAMA,Sim,,-30.13351478,-51.175767,24.1,0,0,0,0,0,True
772730,20250601,2025,BOLETIM,ESTR COSTA GAMA,,Nao,VILA NOVA,-30.13505801,-51.175374,151.8,0,0,0,0,0,False
772894,20250610,2025,BOLETIM,ESTR COSTA GAMA,,Nao,,-30.13405308,-51.175552,40.2,0,0,0,0,0,True
774518,20250702,2025,BOLETIM,ESTR COSTA GAMA,,Nao,VILA NOVA,-30.1334850560631,-51.1757421345321,27.2,0,0,0,0,0,True
778847,20251119,2025,BOLETIM,ESTR COSTA GAMA,ESTR TRES MENINAS,Sim,BELEM VELHO,-30.13330188,-51.175785,47.8,1,1,0,0,1,True
790934,20251130,2025,BOLETIM,ESTR COSTA GAMA,,Nao,RESTINGA,-30.1343666368143,-51.1755341291428,73.5,0,0,0,0,0,True
792360,20251216,2025,BOLETIM,ESTR COSTA GAMA,ESTR TRES MENINAS,Sim,,-30.13330188,-51.175785,47.8,0,2,0,0,1,True
792315,20251216,2025,BOLETIM,ESTR TRES MENINAS,ESTR COSTA GAMA,Sim,BELEM VELHO,-30.13351478,-51.175767,24.1,0,0,0,0,0,True
793573,20260128,2026,BOLETIM,ESTR COSTA GAMA,,Nao,BELEM VELHO,-30.1353215921964,-51.1750232930521,189.9,0,0,0,0,0,False
794212,20260217,2026,BOLETIM,ESTR COSTA GAMA,,Nao,VILA NOVA,-30.132455,-51.175969,143.5,0,1,0,0,0,False
797454,20260331,2026,BOLETIM,ESTR TRES MENINAS,ESTR COSTA GAMA,Sim,,-30.13351478,-51.175767,24.1,0,0,0,0,0,True
798598,20260407,2026,BOLETIM,ESTR TRES MENINAS,ESTR COSTA GAMA,Sim,,-30.13351478,-51.175767,24.1,0,0,0,0,0,True
803613,20260809,2026,BOLETIM,ESTR TRES MENINAS,,Nao,VILA NOVA,-30.13349051,-51.175841,28.3,0,0,0,0,0,True
