ponto,rotulo_ponto,tipo_referencia,limiar_principal_m,contexto_m,ocorrencias_principal,ocorrencias_ate_50m,ocorrencias_ate_100m,ocorrencias_ate_200m,feridos_principal,feridos_graves_principal,fatais_principal,motos_principal,bicicletas_principal,onibus_principal,min_dist_m,observacao
P1,Rotula Estr. 3 Meninas x Estr. Cristiano Kraemer,point,100.0,200.0,58,33,58,110,29,3,0,18,1,0,7.7,Associacao por distancia (base EPTC 2010-202609); nao implica causalidade.
P2,Confluencia Cristiano Kraemer x Belem Velho x Monte Cristo,point,100.0,200.0,150,92,150,262,76,14,0,50,2,13,16.8,Associacao por distancia (base EPTC 2010-202609); nao implica causalidade.
P3,Acesso Av. Vicente Monteggia via Joao Salomoni/Rodrigues,point,100.0,200.0,136,45,136,217,86,12,0,57,0,5,0.9,Associacao por distancia (base EPTC 2010-202609); nao implica causalidade.
P4,Corredor Av. Vicente Monteggia,polyline,50.0,100.0,1648,1648,1867,1867,828,94,8,640,16,46,0.0,Associacao por distancia (base EPTC 2010-202609); nao implica causalidade.
P5,Joao Salomoni x Av. da Cavalhada,point,100.0,200.0,311,270,311,418,108,6,0,57,4,22,4.0,Associacao por distancia (base EPTC 2010-202609); nao implica causalidade.
P6,Rota Florestan Fernandes / Estrada Kanazawa,polyline,50.0,100.0,36,36,49,49,28,2,0,15,0,1,0.0,Associacao por distancia (base EPTC 2010-202609); nao implica causalidade.
P7,Estr. 3 Meninas x Estr. Costa Gama,point,100.0,200.0,67,53,67,86,21,6,1,17,2,1,7.3,Associacao por distancia (base EPTC 2010-202609); nao implica causalidade.
P8,Estr. Costa Gama x Estr. Afonso Lourenco Mariante,point,100.0,200.0,124,99,124,176,53,11,0,44,2,5,0.6,Associacao por distancia (base EPTC 2010-202609); nao implica causalidade.
P9,Entroncamento Rua Santuario x Av. Oscar Pereira,point,100.0,200.0,55,24,55,67,39,6,1,26,0,5,11.0,Associacao por distancia (base EPTC 2010-202609); nao implica causalidade.
