ponto,idacidente,presente_no_recorte,motivo_ausencia_no_outro_recorte,data_auxiliar,distancia_m_auxiliar,data_eptc,distancia_m_eptc
P1,672978,eptc,coordenada_invalida,20200514,,20200514,7.696
P1,673856,eptc,coordenada_invalida,20200720,,20200720,82.734
P1,676059,eptc,coordenada_invalida,20201012,,20201012,55.799
P1,680035,auxiliar,coordenada_fora_do_limiar,20210309,1.975,20210309,3132.926
P1,683635,auxiliar,id_ausente_no_bruto,20201220,1.975,,
P1,692803,auxiliar,coordenada_fora_do_limiar,20220223,1.975,20220223,217.0
P1,699933,auxiliar,coordenada_fora_do_limiar,20220829,87.703,20220829,113.99
P1,700510,eptc,coordenada_fora_do_limiar,20220918,405.62,20220918,7.688
P1,704456,eptc,coordenada_fora_do_limiar,20221214,439.639,20221214,63.808
P1,764359,auxiliar,id_ausente_no_bruto,20241216,1.975,,
P1,774988,eptc,id_ausente_no_bruto,,,20250709,25.895
P2,671912,eptc,coordenada_invalida,20200308,,20200308,30.036
P2,673374,eptc,coordenada_invalida,20200618,,20200618,30.034
P2,674449,eptc,coordenada_invalida,20200820,,20200820,97.66
P2,674778,eptc,coordenada_invalida,20200826,,20200826,30.034
P2,675419,eptc,coordenada_invalida,20200903,,20200903,35.106
P2,677361,eptc,coordenada_invalida,20201124,,20201124,23.057
P2,678133,eptc,coordenada_fora_do_limiar,20201215,1065.204,20201215,30.034
P2,682611,eptc,coordenada_fora_do_limiar,20210527,101.149,20210527,98.31
P2,695260,auxiliar,coordenada_fora_do_limiar,20220502,29.019,20220502,1550.409
P2,696060,auxiliar,coordenada_fora_do_limiar,20220525,42.425,20220525,1550.409
P2,700510,auxiliar,coordenada_fora_do_limiar,20220918,99.921,20220918,308.457
P2,700761,auxiliar,coordenada_fora_do_limiar,20220926,99.921,20220926,1176.964
P2,728607,auxiliar,id_ausente_no_bruto,20230407,29.019,,
P2,729190,auxiliar,id_ausente_no_bruto,20230419,97.661,,
P2,730089,eptc,coordenada_fora_do_limiar,20230512,152.804,20230512,16.811
P2,732079,eptc,coordenada_invalida,20230423,,20230423,64.723
P2,745050,eptc,coordenada_fora_do_limiar,20240422,101.149,20240422,98.31
P2,764189,eptc,coordenada_fora_do_limiar,20241212,120.545,20241212,40.484
P2,772487,auxiliar,coordenada_fora_do_limiar,20250723,29.019,20250723,1550.409
P2,775486,eptc,id_ausente_no_bruto,,,20250820,39.161
P2,775489,eptc,id_ausente_no_bruto,,,20250822,16.811
P3,669519,eptc,coordenada_invalida,20200114,,20200114,78.356
P3,670731,eptc,coordenada_invalida,20200221,,20200221,78.356
P3,672597,eptc,coordenada_invalida,20200518,,20200518,63.193
P3,672709,eptc,coordenada_invalida,20200426,,20200426,66.198
P3,673336,eptc,coordenada_invalida,20200620,,20200620,62.186
P3,674831,eptc,coordenada_invalida,20200825,,20200825,0.894
P3,676295,eptc,coordenada_invalida,20201024,,20201024,78.356
P3,678053,auxiliar,id_ausente_no_bruto,20201226,74.578,,
P3,683502,eptc,coordenada_fora_do_limiar,20210606,151.483,20210606,81.344
P3,686074,auxiliar,id_ausente_no_bruto,20210828,57.143,,
P3,689182,auxiliar,coordenada_fora_do_limiar,20211112,98.974,20211112,101.247
P3,695361,eptc,coordenada_invalida,20220511,,20220511,68.024
P3,705321,auxiliar,coordenada_fora_do_limiar,20230113,64.534,20230113,253.144
P3,731728,auxiliar,id_ausente_no_bruto,20230617,57.143,,
P3,741335,eptc,coordenada_fora_do_limiar,20240130,151.483,20240130,81.344
P3,760740,auxiliar,id_ausente_no_bruto,20240924,57.129,,
P3,765339,auxiliar,coordenada_fora_do_limiar,20250106,75.901,20250106,459.02
P3,768827,eptc,coordenada_invalida,20250328,,20250328,0.894
P3,772280,eptc,coordenada_fora_do_limiar,20250517,151.483,20250517,81.344
P3,774476,eptc,coordenada_fora_do_limiar,20250525,934.718,20250525,57.476
P3,775365,eptc,id_ausente_no_bruto,,,20250825,95.35
P3,775402,eptc,id_ausente_no_bruto,,,20250818,5.042
P3,793796,eptc,id_ausente_no_bruto,,,20250504,0.894
P4,669168,eptc,coordenada_invalida,20200105,,20200105,48.917
P4,669625,eptc,coordenada_invalida,20200107,,20200107,4.723
P4,670016,eptc,coordenada_invalida,20200130,,20200130,7.089
P4,670434,eptc,coordenada_invalida,20200212,,20200212,14.375
P4,670959,eptc,coordenada_invalida,20200205,,20200205,0.786
P4,672468,eptc,coordenada_invalida,20200506,,20200506,1.254
P4,672890,eptc,coordenada_invalida,20200527,,20200527,0.262
P4,672902,eptc,coordenada_invalida,20200523,,20200523,14.375
P4,673259,eptc,coordenada_invalida,20200618,,20200618,7.089
P4,673327,eptc,coordenada_invalida,20200619,,20200619,7.089
P4,674831,eptc,coordenada_invalida,20200825,,20200825,4.634
P4,675227,eptc,coordenada_invalida,20200912,,20200912,14.375
P4,675272,eptc,coordenada_invalida,20200901,,20200901,2.976
P4,675495,eptc,coordenada_invalida,20200924,,20200924,4.723
P4,675867,eptc,coordenada_invalida,20200929,,20200929,0.628
P4,676375,eptc,coordenada_invalida,20201022,,20201022,7.089
P4,676846,eptc,coordenada_invalida,20201112,,20201112,11.851
P4,676953,eptc,coordenada_invalida,20201112,,20201112,7.093
P4,681960,auxiliar,coordenada_fora_do_limiar,20210509,30.441,20210509,569.432
P4,682008,auxiliar,id_ausente_no_bruto,20210512,0.392,,
P4,682178,auxiliar,id_ausente_no_bruto,20210512,8.655,,
P4,684870,auxiliar,id_ausente_no_bruto,20210726,5.008,,
P4,686074,auxiliar,id_ausente_no_bruto,20210828,49.762,,
P4,687853,eptc,coordenada_fora_do_limiar,20211013,220.188,20211013,7.089
P4,698444,eptc,coordenada_invalida,20220722,,20220722,7.089
P4,700179,auxiliar,id_ausente_no_bruto,20220911,0.392,,
P4,701414,eptc,coordenada_invalida,20221008,,20221008,38.213
P4,704476,eptc,coordenada_fora_do_limiar,20221222,113.721,20221222,7.093
P4,704551,eptc,coordenada_invalida,20221223,,20221223,6.234
P4,728624,eptc,coordenada_invalida,20230407,,20230407,12.826
P4,729720,eptc,coordenada_fora_do_limiar,20230427,1621.75,20230427,7.089
P4,731245,eptc,coordenada_invalida,20230604,,20230604,16.271
P4,731728,auxiliar,id_ausente_no_bruto,20230617,49.762,,
P4,732223,eptc,coordenada_fora_do_limiar,20230628,220.188,20230628,7.089
P4,732911,eptc,coordenada_invalida,20230717,,20230717,12.826
P4,735238,eptc,coordenada_fora_do_limiar,20230905,232.029,20230905,2.867
P4,735368,eptc,coordenada_invalida,20230910,,20230910,16.271
P4,736209,auxiliar,id_ausente_no_bruto,20231001,5.008,,
P4,737884,eptc,coordenada_invalida,20231108,,20231108,0.672
P4,742208,auxiliar,id_ausente_no_bruto,20240223,0.392,,
P4,743636,eptc,coordenada_fora_do_limiar,20240327,55.491,20240327,7.093
P4,743727,eptc,coordenada_invalida,20240329,,20240329,15.945
P4,745451,auxiliar,id_ausente_no_bruto,20240508,0.392,,
P4,746679,eptc,coordenada_fora_do_limiar,20240620,81.128,20240620,0.628
P4,747127,eptc,coordenada_invalida,20240705,,20240705,15.945
P4,747555,eptc,coordenada_invalida,20240722,,20240722,0.612
P4,760146,eptc,coordenada_invalida,20240906,,20240906,7.089
P4,760445,eptc,coordenada_invalida,20240822,,20240822,2.005
P4,760740,auxiliar,id_ausente_no_bruto,20240924,49.753,,
P4,762319,auxiliar,coordenada_fora_do_limiar,20241103,8.208,20241103,617.526
P4,765579,eptc,coordenada_invalida,20250109,,20250109,6.874
P4,767409,auxiliar,id_ausente_no_bruto,20250219,0.392,,
P4,768479,auxiliar,id_ausente_no_bruto,20250310,0.392,,
P4,768750,eptc,coordenada_invalida,20250320,,20250320,3.138
P4,768827,eptc,coordenada_invalida,20250328,,20250328,4.634
P4,769247,auxiliar,id_ausente_no_bruto,20250325,0.392,,
P4,770197,eptc,coordenada_invalida,20250405,,20250405,7.089
P4,770838,eptc,coordenada_fora_do_limiar,20250421,7031.988,20250421,12.48
P4,772075,auxiliar,id_ausente_no_bruto,20250515,0.392,,
P4,772319,eptc,coordenada_fora_do_limiar,20250519,225.875,20250519,35.113
P4,774660,eptc,id_ausente_no_bruto,,,20250225,4.461
P4,774784,eptc,id_ausente_no_bruto,,,20250712,0.032
P4,775317,eptc,id_ausente_no_bruto,,,20250720,2.659
P4,775402,eptc,id_ausente_no_bruto,,,20250818,0.913
P4,775487,eptc,id_ausente_no_bruto,,,20250821,21.513
P4,775885,eptc,id_ausente_no_bruto,,,20250801,1.847
P4,776072,eptc,id_ausente_no_bruto,,,20250810,0.403
P4,776347,eptc,id_ausente_no_bruto,,,20250805,18.589
P4,776390,eptc,id_ausente_no_bruto,,,20250805,4.886
P4,776833,eptc,id_ausente_no_bruto,,,20250821,21.513
P4,793796,eptc,id_ausente_no_bruto,,,20250504,4.634
P5,669569,eptc,coordenada_invalida,20200118,,20200118,40.53
P5,670160,eptc,coordenada_invalida,20200203,,20200203,3.966
P5,670301,eptc,coordenada_invalida,20200206,,20200206,13.907
P5,670746,eptc,coordenada_invalida,20200222,,20200222,3.966
P5,672471,eptc,coordenada_invalida,20200429,,20200429,6.41
P5,674959,eptc,coordenada_invalida,20200825,,20200825,13.907
P5,675786,eptc,coordenada_invalida,20201006,,20201006,3.966
P5,676025,eptc,coordenada_invalida,20200930,,20200930,6.41
P5,676792,eptc,coordenada_invalida,20201106,,20201106,8.521
P5,679493,eptc,coordenada_fora_do_limiar,20210211,1674.415,20210211,6.41
P5,698923,auxiliar,id_ausente_no_bruto,20220207,12.303,,
P5,701491,eptc,coordenada_fora_do_limiar,20221011,1674.415,20221011,6.41
P5,702911,eptc,coordenada_fora_do_limiar,20221116,1674.415,20221116,6.41
P5,703034,eptc,coordenada_invalida,20221114,,20221114,6.41
P5,735971,eptc,coordenada_fora_do_limiar,20230921,1674.415,20230921,6.41
P5,737674,auxiliar,coordenada_fora_do_limiar,20231006,12.303,20231006,1122.065
P5,749786,auxiliar,id_ausente_no_bruto,20240909,12.303,,
P5,760716,eptc,coordenada_invalida,20240924,,20240924,55.73
P5,764489,eptc,coordenada_invalida,20241207,,20241207,6.41
P5,769146,auxiliar,coordenada_fora_do_limiar,20250325,88.746,20250325,101.22
P5,773415,auxiliar,id_ausente_no_bruto,20250614,12.303,,
P5,774607,eptc,id_ausente_no_bruto,,,20250719,3.966
P5,774614,eptc,id_ausente_no_bruto,,,20250722,3.966
P5,775040,eptc,id_ausente_no_bruto,,,20250707,8.521
P5,775041,eptc,id_ausente_no_bruto,,,20250707,3.966
P5,776078,eptc,id_ausente_no_bruto,,,20250806,3.966
P5,776424,eptc,id_ausente_no_bruto,,,20250806,6.41
P5,794046,eptc,id_ausente_no_bruto,,,20250712,8.521
P6,695042,eptc,coordenada_invalida,20220416,,20220416,2.808
P6,743380,eptc,coordenada_invalida,20240324,,20240324,2.808
P6,745249,auxiliar,id_ausente_no_bruto,20240427,5.973,,
P6,772796,auxiliar,id_ausente_no_bruto,20250603,5.973,,
P7,671575,eptc,coordenada_invalida,20200311,,20200311,7.269
P7,672579,eptc,coordenada_invalida,20200515,,20200515,7.269
P7,678049,eptc,coordenada_fora_do_limiar,20201214,1786.391,20201214,47.801
P7,680035,eptc,coordenada_fora_do_limiar,20210309,3146.689,20210309,24.072
P7,689346,eptc,coordenada_invalida,20211118,,20211118,24.072
P7,692831,eptc,coordenada_fora_do_limiar,20220224,2261.599,20220224,24.072
P7,696001,eptc,coordenada_fora_do_limiar,20220527,381.7,20220527,24.072
P7,696645,eptc,coordenada_fora_do_limiar,20220613,971.633,20220613,24.072
P7,697560,eptc,coordenada_fora_do_limiar,20220701,347.384,20220701,47.801
P7,715537,eptc,coordenada_fora_do_limiar,20230119,971.633,20230119,24.072
P7,734546,eptc,coordenada_invalida,20230821,,20230821,47.801
P7,737433,eptc,coordenada_fora_do_limiar,20231028,879.341,20231028,47.801
P7,743393,eptc,coordenada_fora_do_limiar,20240325,816.848,20240325,47.801
P7,748327,eptc,coordenada_invalida,20240809,,20240809,47.801
P7,748759,eptc,coordenada_fora_do_limiar,20240815,971.633,20240815,28.347
P7,762349,eptc,coordenada_fora_do_limiar,20241103,785.323,20241103,27.944
P7,771145,eptc,coordenada_invalida,20250430,,20250430,24.072
P7,774518,eptc,id_ausente_no_bruto,,,20250702,27.237
P8,670215,eptc,coordenada_invalida,20200205,,20200205,25.144
P8,670228,eptc,coordenada_invalida,20200204,,20200204,26.201
P8,671336,eptc,coordenada_invalida,20200309,,20200309,48.27
P8,675533,eptc,coordenada_invalida,20200927,,20200927,35.433
P8,679834,auxiliar,id_ausente_no_bruto,20201212,6.273,,
P8,680924,eptc,coordenada_invalida,20210410,,20210410,0.585
P8,681969,auxiliar,id_ausente_no_bruto,20210511,6.273,,
P8,685864,eptc,coordenada_fora_do_limiar,20210816,4007.644,20210816,43.259
P8,687242,auxiliar,id_ausente_no_bruto,20210929,6.273,,
P8,694789,auxiliar,id_ausente_no_bruto,20220420,6.273,,
P8,703102,eptc,coordenada_fora_do_limiar,20221123,348.534,20221123,13.808
P8,704251,auxiliar,coordenada_fora_do_limiar,20221215,6.273,20221215,4933.49
P8,716539,eptc,coordenada_fora_do_limiar,20230210,125.854,20230210,0.585
P8,727998,auxiliar,id_ausente_no_bruto,20230323,6.273,,
P8,742386,auxiliar,id_ausente_no_bruto,20240217,6.273,,
P8,745358,auxiliar,coordenada_fora_do_limiar,20240507,6.273,20240507,3767.587
P8,748824,eptc,coordenada_fora_do_limiar,20240821,102.156,20240821,85.669
P8,763756,eptc,coordenada_invalida,20241128,,20241128,35.433
P8,767382,eptc,coordenada_invalida,20250211,,20250211,0.585
P8,772085,auxiliar,id_ausente_no_bruto,20250515,6.273,,
P8,773841,eptc,coordenada_fora_do_limiar,20250626,102.918,20250626,73.341
P9,671277,eptc,coordenada_fora_do_limiar,20200229,135.501,20200229,48.809
P9,731824,eptc,coordenada_invalida,20230605,,20230605,11.014
P9,745385,auxiliar,id_ausente_no_bruto,20240513,13.669,,
P9,748176,eptc,coordenada_fora_do_limiar,20240805,121.595,20240805,44.332
P9,761311,eptc,coordenada_fora_do_limiar,20240930,121.595,20240930,44.332
